filename,extension,size_bytes,target_directory
react-server-components.md,.md,29094,/Documents/Projects
update.js,.js,16791,/Documents/Projects
es2022.object.js,.js,430,/Documents/Projects
TimeoutError.mjs,.mjs,347,/Documents/Projects
Silabus_Matematika_Terapan.pdf,.pdf,1542000,/Documents/Academic/Math
Latihan_Soal_Kalkulus_Lanjut.pdf,.pdf,2104000,/Documents/Academic/Math
Modul_Praktikum_Rekayasa_Perangkat_Lunak.docx,.docx,854000,/Documents/Academic/TRPL
Sertifikat_Pelatihan_Samsung_Solve.pdf,.pdf,450000,/Documents/Certificates
Konfigurasi_Hyprland_Backup.tar.gz,.gz,120000,/Documents/Archives
Format 03 FORMULIR PENDAFTARAN PESERTA BEASISWA TAHUN 2026.docx,.docx,31240,/Documents/Important
FahgriAdamAkuntansiWeek3.pdf,.pdf,26138,/Documents/Academic
IT support_nama_XII TKJ-Pengalaman_packing.pdf,.pdf,56305,/Documents/Career
23470.pdf,.pdf,107930,/Documents/Important
pkkmb.7z,.7z,1344496,/Documents/Archives
Screenshot From 2026-08-26 07-07-09.png,.png,351625,/Pictures/Screenshots
Screenshot From 2026-08-26 14-46-16.png,.png,45042,/Pictures/Screenshots
Beer-Girl.png,.png,2963595,/Pictures/Wallpapers
sunrise-landscape.jpg,.jpg,1288011,/Pictures/Wallpapers
Lady-Dark.png,.png,9225824,/Pictures/Wallpapers
purple_gasstation_abstract_dark_night.jpg,.jpg,860964,/Pictures/Wallpapers
kamar.jpg,.jpg,1846659,/Pictures/Personal
values-v17.xml,.xml,3553,/Documents/Projects/Android
cordova_plugins.js,.js,0,/Documents/Projects/Android
classes.dex,.dex,132220,/Documents/Projects/Android
ic_launcher_foreground.png,.png,3450,/Documents/Projects/Android
R.jar,.jar,4537,/Documents/Projects/Android
values-ta.json,.json,2875,/Documents/Projects/Android
client_secret_247805633815-mna2lvefpvlf1e7nmjih44eine7cle1d.apps.googleusercontent.com.json,.json,4500,/Documents/Projects/Keys
Kuliah 1 - Overview MK dan Kontrak Kuliah.pptx,.pptx,2500000,/Documents/Academic
Makalah_Sejarah_Komputer_Source.html,.html,150000,/Documents/Academic
Tugas_Kalkulus_1_Limit.pdf,.pdf,1500000,/Documents/Academic/Math
Materi_Aljabar_Linear_Matriks.pptx,.pptx,3200000,/Documents/Academic/Math
Soal_Ujian_Statistika_Probabilitas.docx,.docx,24000,/Documents/Academic/Math
Modul_Basis_Data_TRPL.pdf,.pdf,4500000,/Documents/Academic/TRPL
Laporan_Proyek_Perangkat_Lunak.docx,.docx,150000,/Documents/Academic/TRPL
Praktikum_Jaringan_Komputer.pdf,.pdf,2100000,/Documents/Academic/TRPL
Sertifikat_Samsung_Solve_for_Tomorrow.pdf,.pdf,900000,/Documents/Certificates
Sertifikat_IDCamp_MLOps.pdf,.pdf,750000,/Documents/Certificates
Sertifikat_elevAIte_Dicoding_Hackathon.pdf,.pdf,920000,/Documents/Certificates
DBS_Coding_Camp_Financial.pdf,.pdf,850000,/Documents/Certificates
brew_leaves_chezmoi_fzf.txt,.txt,1200,/Documents/Logs
podman_ps_a_format_table.txt,.txt,850,/Documents/Logs
history_1_ujust_devmode.txt,.txt,500,/Documents/Logs
cat_justfile_2_dev_null.txt,.txt,400,/Documents/Logs
virsh_c_qemu_system_list.txt,.txt,600,/Documents/Logs
Ollama_AnythingLLM_Kamu.txt,.txt,2300,/Documents/Logs
kamera_nirkabel_Android.txt,.txt,900,/Documents/Logs
flatpak_list_app_columns.txt,.txt,1100,/Documents/Logs
cat_local_bin_otomatis.txt,.txt,300,/Documents/Logs
Document1.docx,.docx,12000,/Documents/Drafts
Untitled_Document.docx,.docx,15000,/Documents/Drafts
bluefin_hyprland_backup.tar.gz,.gz,4500000,/Documents/Archives
dotfiles_repo_archive.zip,.zip,1200000,/Documents/Archives
recording_obs_kelas_daring.mp4,.mp4,150000000,/Videos/Captures
screencast_wayland.mp4,.mp4,45000000,/Videos/Captures
